{
  "DURATION": 5,
  "LABEL": "portrait",
  "ANIMATION": {
    "0_PERCENT": {
      "POSITION": {
        "X": 0,
        "Y": -5,
        "Z": -1
      },
      "COLOR": {
        "R": 0.23137254901960785,
        "G": 0.38823529411764707,
        "B": 1
      },
      "MATERIAL": {
        "TRANSPARENT": true,
        "OPACITY": 0
      }
    },
    "20_PERCENT": {
      "POSITION": {
        "Y": 0
      }
    },
    "33_PERCENT": {
      "MATERIAL": {
        "OPACITY": 1
      }
    },
    "40_PERCENT": {
      "COLOR": {
        "R": 0.23137254901960785,
        "G": 0.38823529411764707,
        "B": 1
      }
    },
    "60_PERCENT": {
      "COLOR": {
        "R": 0.00784313725490196,
        "G": 0.00784313725490196,
        "B": 0.1411764705882353
      }
    },
    "EACH_EASE": {
      "POSITION": "power1.in",
      "COLOR": "NONE",
      "MATERIAL": "power1.in"
    }
  }
}
